Timestamp,UTC,Callsign,Position,Altitude,Speed,Direction
1520213722,2018-03-05T01:35:22Z,SIA32,"1.358505,103.997559",600,170,23
1520213729,2018-03-05T01:35:29Z,SIA32,"1.362671,103.999329",850,170,23
1520213735,2018-03-05T01:35:35Z,SIA32,"1.367203,104.001747",1100,170,31
1520213741,2018-03-05T01:35:41Z,SIA32,"1.371048,104.004448",1325,172,37
1520213747,2018-03-05T01:35:47Z,SIA32,"1.374619,104.00724",1525,173,38
1520213753,2018-03-05T01:35:53Z,SIA32,"1.378189,104.010178",1750,173,40
1520213760,2018-03-05T01:36:00Z,SIA32,"1.381996,104.013725",2000,173,43
1520213768,2018-03-05T01:36:08Z,SIA32,"1.38707,104.019394",2175,180,53
1520213774,2018-03-05T01:36:14Z,SIA32,"1.389724,104.023811",2250,186,63
1520213780,2018-03-05T01:36:20Z,SIA32,"1.391493,104.028496",2325,194,75
1520213786,2018-03-05T01:36:26Z,SIA32,"1.392331,104.034088",2425,201,86
1520213810,2018-03-05T01:36:50Z,SIA32,"1.390411,104.058174",2700,231,99
1520213816,2018-03-05T01:36:56Z,SIA32,"1.389305,104.064255",2775,239,100
1520213825,2018-03-05T01:37:05Z,SIA32,"1.387253,104.07428",2975,244,102
1520213831,2018-03-05T01:37:11Z,SIA32,"1.385834,104.080841",3175,245,102
1520213838,2018-03-05T01:37:18Z,SIA32,"1.38437,104.08741",3400,245,102
1520213846,2018-03-05T01:37:26Z,SIA32,"1.382089,104.097641",3700,246,102
1520213852,2018-03-05T01:37:32Z,SIA32,"1.380615,104.104347",3925,247,102
1520213859,2018-03-05T01:37:39Z,SIA32,"1.379105,104.111053",4100,250,102
1520213867,2018-03-05T01:37:47Z,SIA32,"1.376876,104.121643",4300,257,101
1520213873,2018-03-05T01:37:53Z,SIA32,"1.375525,104.128136",4425,262,101
1520213879,2018-03-05T01:37:59Z,SIA32,"1.373932,104.136055",4525,268,100
1520213885,2018-03-05T01:38:05Z,SIA32,"1.372593,104.143143",4625,273,100
1520213891,2018-03-05T01:38:11Z,SIA32,"1.371289,104.1502",4750,277,100
1520213897,2018-03-05T01:38:17Z,SIA32,"1.369939,104.157684",4900,280,100
1520213903,2018-03-05T01:38:23Z,SIA32,"1.368439,104.166359",5100,282,99
1520213915,2018-03-05T01:38:35Z,SIA32,"1.365889,104.181503",5550,282,99
1520213927,2018-03-05T01:38:47Z,SIA32,"1.363358,104.197365",5975,286,98
1520213939,2018-03-05T01:38:59Z,SIA32,"1.360977,104.213326",6275,294,98
1520213951,2018-03-05T01:39:11Z,SIA32,"1.358551,104.230133",6550,303,98
1520213963,2018-03-05T01:39:23Z,SIA32,"1.356033,104.246986",6800,311,98
1520213975,2018-03-05T01:39:35Z,SIA32,"1.353378,104.264305",7000,320,98
1520213987,2018-03-05T01:39:47Z,SIA32,"1.35054,104.282043",7225,329,99
1520213999,2018-03-05T01:39:59Z,SIA32,"1.347408,104.300789",7450,337,99
1520214011,2018-03-05T01:40:11Z,SIA32,"1.344382,104.318832",7850,339,99
1520214024,2018-03-05T01:40:24Z,SIA32,"1.341202,104.337807",8275,340,99
1520214036,2018-03-05T01:40:36Z,SIA32,"1.338043,104.355919",8625,344,99
1520214048,2018-03-05T01:40:48Z,SIA32,"1.334792,104.375465",9025,347,98
1520214060,2018-03-05T01:41:00Z,SIA32,"1.332047,104.39502",9475,347,96
1520214072,2018-03-05T01:41:12Z,SIA32,"1.330948,104.414017",9950,346,90
1520214093,2018-03-05T01:41:33Z,SIA32,"1.331543,104.447578",10675,348,89
1520214105,2018-03-05T01:41:45Z,SIA32,"1.331906,104.467529",11100,349,88
1520214118,2018-03-05T01:41:58Z,SIA32,"1.332278,104.48661",11400,353,88
1520214130,2018-03-05T01:42:10Z,SIA32,"1.332698,104.50631",11700,357,88
1520214141,2018-03-05T01:42:21Z,SIA32,"1.333116,104.526054",12025,360,88
1520214174,2018-03-05T01:42:54Z,SIA32,"1.33442,104.581604",13025,363,88
1520214207,2018-03-05T01:43:27Z,SIA32,"1.335663,104.637703",13925,369,88
1520214238,2018-03-05T01:43:58Z,SIA32,"1.336794,104.685455",14850,367,88
1520214270,2018-03-05T01:44:30Z,SIA32,"1.338144,104.742188",15700,373,88
1520214303,2018-03-05T01:45:03Z,SIA32,"1.3396,104.802444",16550,377,88
1520214334,2018-03-05T01:45:34Z,SIA32,"1.340881,104.855614",17325,379,88
1520214367,2018-03-05T01:46:07Z,SIA32,"1.342255,104.909515",18050,383,88
1520214433,2018-03-05T01:47:13Z,SIA32,"1.345127,105.029015",19475,390,88
1520214458,2018-03-05T01:47:38Z,SIA32,"1.346237,105.075806",20000,392,88
1520214547,2018-03-05T01:49:07Z,SIA32,"1.35022,105.240601",21775,401,88
1520214611,2018-03-05T01:50:11Z,SIA32,"1.353041,105.358078",23000,405,88
1520214675,2018-03-05T01:51:15Z,SIA32,"1.35585,105.477455",23925,414,88
1520214698,2018-03-05T01:51:38Z,SIA32,"1.356949,105.522102",24225,418,88
1520214787,2018-03-05T01:53:07Z,SIA32,"1.36116,105.698296",25500,430,87
1520214802,2018-03-05T01:53:22Z,SIA32,"1.365051,105.727859",25600,434,77
1520214832,2018-03-05T01:53:52Z,SIA32,"1.390961,105.782188",25750,444,54
1520214856,2018-03-05T01:54:16Z,SIA32,"1.426575,105.817802",25875,453,37
1520214862,2018-03-05T01:54:22Z,SIA32,"1.436556,105.824669",25900,453,35
1520214871,2018-03-05T01:54:31Z,SIA32,"1.453082,105.834",25950,457,27
1520214877,2018-03-05T01:54:37Z,SIA32,"1.46489,105.839775",25975,459,25
1520214889,2018-03-05T01:54:49Z,SIA32,"1.488694,105.851471",26075,462,26
1520214950,2018-03-05T01:55:50Z,SIA32,"1.607758,105.914444",26400,477,27
1520215367,2018-03-05T02:02:47Z,SIA32,"2.440036,106.345146",30300,497,27
1520215722,2018-03-05T02:08:42Z,SIA32,"3.164575,106.720245",32000,491,27
1520215811,2018-03-05T02:10:11Z,SIA32,"3.345104,106.813766",32000,493,27
1520215872,2018-03-05T02:11:12Z,SIA32,"3.467972,106.877464",32000,495,27
1520215935,2018-03-05T02:12:15Z,SIA32,"3.596207,106.949913",32000,490,35
1520220176,2018-03-05T03:22:56Z,SIA32,"11.615063,112.693901",36000,506,35
1520223908,2018-03-05T04:25:08Z,SIA32,"18.085602,119.065536",36000,532,47
1520223969,2018-03-05T04:26:09Z,SIA32,"18.186539,119.182922",36000,533,48
1520224032,2018-03-05T04:27:12Z,SIA32,"18.28758,119.300636",36000,533,48
1520224093,2018-03-05T04:28:13Z,SIA32,"18.389669,119.419739",36000,534,48
1520224161,2018-03-05T04:29:21Z,SIA32,"18.501709,119.550774",36000,533,48
1520224223,2018-03-05T04:30:23Z,SIA32,"18.603516,119.670052",36000,533,48
1520224289,2018-03-05T04:31:29Z,SIA32,"18.71414,119.799919",36000,533,48
1520224350,2018-03-05T04:32:30Z,SIA32,"18.815344,119.919014",36000,533,48
1520224412,2018-03-05T04:33:32Z,SIA32,"18.916315,120.038017",36000,534,48
1520224473,2018-03-05T04:34:33Z,SIA32,"19.017986,120.158173",36000,535,48
1520224535,2018-03-05T04:35:35Z,SIA32,"19.119329,120.278069",36000,536,48
1520224598,2018-03-05T04:36:38Z,SIA32,"19.225515,120.404015",36000,536,48
1520224660,2018-03-05T04:37:40Z,SIA32,"19.326096,120.523552",36000,534,48
1520224722,2018-03-05T04:38:42Z,SIA32,"19.428949,120.646011",36000,535,48
1520224783,2018-03-05T04:39:43Z,SIA32,"19.528931,120.76535",36000,533,48
1520224844,2018-03-05T04:40:44Z,SIA32,"19.629217,120.885216",36000,533,48
1520224906,2018-03-05T04:41:46Z,SIA32,"19.730049,121.006065",36000,534,48
1520224967,2018-03-05T04:42:47Z,SIA32,"19.830975,121.127213",36000,536,48
1520225028,2018-03-05T04:43:48Z,SIA32,"19.931351,121.247963",36000,534,48
1520225089,2018-03-05T04:44:49Z,SIA32,"20.031189,121.368416",36000,535,48
1520225150,2018-03-05T04:45:50Z,SIA32,"20.13105,121.489014",36000,537,48
1520225212,2018-03-05T04:46:52Z,SIA32,"20.23114,121.610268",36000,539,48
1520225273,2018-03-05T04:47:53Z,SIA32,"20.332993,121.73381",36000,538,48
1520225335,2018-03-05T04:48:55Z,SIA32,"20.434799,121.857506",36000,537,48
1520225396,2018-03-05T04:49:56Z,SIA32,"20.534042,121.9785",36000,538,48
1520225457,2018-03-05T04:50:57Z,SIA32,"20.634745,122.101555",36000,540,48
1520225519,2018-03-05T04:51:59Z,SIA32,"20.735779,122.225105",36000,542,49
1520225566,2018-03-05T04:52:46Z,SIA32,"20.813971,122.321075",36000,542,49
1520225675,2018-03-05T04:54:35Z,SIA32,"20.979,122.518402",36000,352,44
1520225736,2018-03-05T04:55:36Z,SIA32,"21.120804,122.633537",36000,534,32
1520225815,2018-03-05T04:56:55Z,SIA32,"21.281662,122.745903",36000,537,33
1520225849,2018-03-05T04:57:29Z,SIA32,"21.350555,122.793991",36000,537,33
1520225937,2018-03-05T04:58:57Z,SIA32,"21.538376,122.925278",36000,538,33
1520225998,2018-03-05T04:59:58Z,SIA32,"21.665924,123.014679",36000,540,33
1520226061,2018-03-05T05:01:01Z,SIA32,"21.798969,123.108162",36000,541,33
1520226123,2018-03-05T05:02:03Z,SIA32,"21.928116,123.199135",36000,540,33
1520226171,2018-03-05T05:02:51Z,SIA32,"22.02562,123.275887",36000,548,43
1520226238,2018-03-05T05:03:58Z,SIA32,"22.150085,123.401436",36000,548,42
1520226301,2018-03-05T05:05:01Z,SIA32,"22.269424,123.520683",36000,549,43
1520226362,2018-03-05T05:06:02Z,SIA32,"22.382269,123.633881",36425,546,43
1520226423,2018-03-05T05:07:03Z,SIA32,"22.494041,123.746284",36925,547,43
1520226486,2018-03-05T05:08:06Z,SIA32,"22.611214,123.864342",37000,546,43
1520226520,2018-03-05T05:08:40Z,SIA32,"22.671753,123.925529",37000,547,43
1520226608,2018-03-05T05:10:08Z,SIA32,"22.836618,124.092354",37000,548,43
1520226636,2018-03-05T05:10:36Z,SIA32,"22.886124,124.142464",37000,549,43
1520226725,2018-03-05T05:12:05Z,SIA32,"23.051039,124.310051",37000,548,43
1520226757,2018-03-05T05:12:37Z,SIA32,"23.11072,124.37088",37000,550,43
1520226854,2018-03-05T05:14:14Z,SIA32,"23.292252,124.556297",37000,547,43
1520226878,2018-03-05T05:14:38Z,SIA32,"23.332354,124.597374",37000,546,43
1520226975,2018-03-05T05:16:15Z,SIA32,"23.514862,124.784561",37000,548,43
1520226992,2018-03-05T05:16:32Z,SIA32,"23.545578,124.816185",37000,548,43
1520227066,2018-03-05T05:17:46Z,SIA32,"23.685196,124.960075",37000,549,43
1520227234,2018-03-05T05:20:34Z,SIA32,"23.993349,125.279274",37000,547,43
1520227297,2018-03-05T05:21:37Z,SIA32,"24.109917,125.400543",37000,548,43
1520227361,2018-03-05T05:22:41Z,SIA32,"24.226156,125.521858",37000,546,43
1520227439,2018-03-05T05:23:59Z,SIA32,"24.366577,125.668793",37000,548,43
1520227500,2018-03-05T05:25:00Z,SIA32,"24.48024,125.788116",37000,546,43
1520227563,2018-03-05T05:26:03Z,SIA32,"24.595642,125.909645",37000,545,43
1520227624,2018-03-05T05:27:04Z,SIA32,"24.705505,126.02552",37000,542,44
1520227687,2018-03-05T05:28:07Z,SIA32,"24.820024,126.146629",37000,542,44
1520227750,2018-03-05T05:29:10Z,SIA32,"24.933838,126.267342",37000,548,44
1520227811,2018-03-05T05:30:11Z,SIA32,"25.045244,126.385841",37000,548,44
1520227874,2018-03-05T05:31:14Z,SIA32,"25.159607,126.507874",37025,546,44
1520227937,2018-03-05T05:32:17Z,SIA32,"25.27565,126.632027",37000,541,44
1520227998,2018-03-05T05:33:18Z,SIA32,"25.384144,126.748283",37000,541,44
1520228061,2018-03-05T05:34:21Z,SIA32,"25.497849,126.870575",37000,543,44
1520228126,2018-03-05T05:35:26Z,SIA32,"25.612576,126.994339",37000,548,44
1520228188,2018-03-05T05:36:28Z,SIA32,"25.727921,127.119087",37000,547,44
1520228251,2018-03-05T05:37:31Z,SIA32,"25.843102,127.243973",37000,548,44
1520228312,2018-03-05T05:38:32Z,SIA32,"25.952682,127.363205",37000,551,44
1520228375,2018-03-05T05:39:35Z,SIA32,"26.066507,127.487411",37000,546,44
1520228439,2018-03-05T05:40:39Z,SIA32,"26.181335,127.612938",37000,544,44
1520228502,2018-03-05T05:41:42Z,SIA32,"26.303551,127.723198",37000,535,37
1520228565,2018-03-05T05:42:45Z,SIA32,"26.426727,127.828835",37000,534,37
1520228626,2018-03-05T05:43:46Z,SIA32,"26.544754,127.929779",37000,533,37
1520228689,2018-03-05T05:44:49Z,SIA32,"26.669769,128.037109",37000,535,37
1520228753,2018-03-05T05:45:53Z,SIA32,"26.795515,128.145432",37000,536,37
1520228816,2018-03-05T05:46:56Z,SIA32,"26.920349,128.253143",37000,536,37
1520228877,2018-03-05T05:47:57Z,SIA32,"27.039122,128.355972",37000,538,37
1520228941,2018-03-05T05:49:01Z,SIA32,"27.163513,128.463959",37000,538,37
1520228952,2018-03-05T05:49:12Z,SIA32,"27.18718,128.484543",37000,539,37
1520228988,2018-03-05T05:49:48Z,SIA32,"27.250601,128.539703",37000,541,38
1520229098,2018-03-05T05:51:38Z,SIA32,"27.442499,128.781799",37000,548,42
1520229143,2018-03-05T05:52:23Z,SIA32,"27.510201,128.878906",37000,563,52
1520229230,2018-03-05T05:53:50Z,SIA32,"27.656918,129.091309",37000,563,52
1520229291,2018-03-05T05:54:51Z,SIA32,"27.753048,129.231018",37025,566,52
1520229354,2018-03-05T05:55:54Z,SIA32,"27.855011,129.379761",37000,564,52
1520229418,2018-03-05T05:56:58Z,SIA32,"27.955643,129.527252",37025,557,52
1520230420,2018-03-05T06:13:40Z,SIA32,"29.528137,131.898468",37000,558,53
1520230508,2018-03-05T06:15:08Z,SIA32,"29.66478,132.110916",37000,556,53
1520230578,2018-03-05T06:16:18Z,SIA32,"29.770994,132.277054",37000,555,53
1520230617,2018-03-05T06:16:57Z,SIA32,"29.828392,132.36705",37025,556,53
1520230733,2018-03-05T06:18:53Z,SIA32,"30.004408,132.644257",37000,553,53
1520230764,2018-03-05T06:19:24Z,SIA32,"30.049484,132.715591",37000,553,53
1520231104,2018-03-05T06:25:04Z,SIA32,"30.552979,133.520859",37000,546,54
1520231153,2018-03-05T06:25:53Z,SIA32,"30.621689,133.631989",37000,552,54
1520231308,2018-03-05T06:28:28Z,SIA32,"30.861387,134.022278",37000,571,54
1520231752,2018-03-05T06:35:52Z,SIA32,"31.561066,135.09758",37000,570,54
1520231784,2018-03-05T06:36:24Z,SIA32,"31.609343,135.17627",37000,570,54
1520231838,2018-03-05T06:37:18Z,SIA32,"31.697279,135.319595",37000,569,54
1520231959,2018-03-05T06:39:19Z,SIA32,"31.880136,135.619385",37000,564,54
1520232022,2018-03-05T06:40:22Z,SIA32,"31.977081,135.779099",37000,566,54
1520232085,2018-03-05T06:41:25Z,SIA32,"32.072491,135.937149",37000,567,54
1520232148,2018-03-05T06:42:28Z,SIA32,"32.168747,136.097366",37000,566,54
1520232157,2018-03-05T06:42:37Z,SIA32,"32.182205,136.11972",37000,566,54
1520232244,2018-03-05T06:44:04Z,SIA32,"32.31284,136.338089",37000,570,54
1520232307,2018-03-05T06:45:07Z,SIA32,"32.408981,136.499847",37000,568,54
1520232370,2018-03-05T06:46:10Z,SIA32,"32.503426,136.65921",37000,565,55
1520232433,2018-03-05T06:47:13Z,SIA32,"32.597397,136.818619",37000,563,55
1520232496,2018-03-05T06:48:16Z,SIA32,"32.691402,136.978546",37000,565,55
1520232560,2018-03-05T06:49:20Z,SIA32,"32.786316,137.140793",37000,566,55
1520232623,2018-03-05T06:50:23Z,SIA32,"32.880341,137.302399",37000,563,55
1520232686,2018-03-05T06:51:26Z,SIA32,"32.973267,137.462524",37000,563,55
1520232749,2018-03-05T06:52:29Z,SIA32,"33.064453,137.620575",37025,556,55
1520232812,2018-03-05T06:53:32Z,SIA32,"33.157295,137.781952",37000,556,55
1520232875,2018-03-05T06:54:35Z,SIA32,"33.248154,137.940765",37000,557,55
1520232936,2018-03-05T06:55:36Z,SIA32,"33.336685,138.095947",37000,560,55
1520232998,2018-03-05T06:56:38Z,SIA32,"33.42907,138.25885",37000,564,56
1520233059,2018-03-05T06:57:39Z,SIA32,"33.516449,138.413559",37000,567,56
1520233125,2018-03-05T06:58:45Z,SIA32,"33.612213,138.583847",37000,565,56
1520233187,2018-03-05T06:59:47Z,SIA32,"33.70219,138.744614",37000,558,56
1520233248,2018-03-05T07:00:48Z,SIA32,"33.785431,138.893738",37000,557,56
1520233313,2018-03-05T07:01:53Z,SIA32,"33.887699,139.078003",37000,566,56
1520233374,2018-03-05T07:02:54Z,SIA32,"33.974709,139.235458",37000,569,56
1520233439,2018-03-05T07:03:59Z,SIA32,"34.068192,139.405518",37000,572,56
1520233502,2018-03-05T07:05:02Z,SIA32,"34.16045,139.57547",37000,572,57
1520233565,2018-03-05T07:06:05Z,SIA32,"34.249088,139.745865",37000,568,57
1520233628,2018-03-05T07:07:08Z,SIA32,"34.33786,139.915466",37000,572,57
1520233689,2018-03-05T07:08:09Z,SIA32,"34.42226,140.077682",37000,573,57
1520233751,2018-03-05T07:09:11Z,SIA32,"34.511627,140.250229",37000,574,58
1520233812,2018-03-05T07:10:12Z,SIA32,"34.595528,140.412994",37000,572,58
1520233875,2018-03-05T07:11:15Z,SIA32,"34.683746,140.584946",37000,574,58
1520233938,2018-03-05T07:12:18Z,SIA32,"34.777409,140.755402",37000,571,53
1520234001,2018-03-05T07:13:21Z,SIA32,"34.868042,140.924271",37000,577,58
1520234064,2018-03-05T07:14:24Z,SIA32,"34.95845,141.098587",37000,577,57
1520234127,2018-03-05T07:15:27Z,SIA32,"35.049362,141.272583",37000,578,57
1520234190,2018-03-05T07:16:30Z,SIA32,"35.139725,141.446457",37000,575,57
1520234251,2018-03-05T07:17:31Z,SIA32,"35.221096,141.603699",37000,568,57
1520234313,2018-03-05T07:18:33Z,SIA32,"35.312714,141.781723",37025,565,57
1520234374,2018-03-05T07:19:34Z,SIA32,"35.392223,141.937103",37000,566,58
1520234436,2018-03-05T07:20:36Z,SIA32,"35.481136,142.11142",37000,567,58
1520234512,2018-03-05T07:21:52Z,SIA32,"35.585129,142.316498",37000,567,58
1520234573,2018-03-05T07:22:53Z,SIA32,"35.66386,142.472595",37000,565,59
1520234637,2018-03-05T07:23:57Z,SIA32,"35.758869,142.661972",37000,568,58
1520234698,2018-03-05T07:24:58Z,SIA32,"35.843765,142.83194",37000,567,58
1520234761,2018-03-05T07:26:01Z,SIA32,"35.929668,143.004883",37000,571,58
1520234823,2018-03-05T07:27:03Z,SIA32,"36.012081,143.171646",37000,568,59
1520234873,2018-03-05T07:27:53Z,SIA32,"36.07906,143.307785",37000,567,59
1520234963,2018-03-05T07:29:23Z,SIA32,"36.20668,143.568588",37000,567,59
1520235024,2018-03-05T07:30:24Z,SIA32,"36.285191,143.730225",37025,572,59
1520235074,2018-03-05T07:31:14Z,SIA32,"36.35664,143.877808",37000,570,59
1520235149,2018-03-05T07:32:29Z,SIA32,"36.45694,144.086151",37000,572,59
1520242598,2018-03-05T09:36:38Z,SIA32,"45.977829,165.945969",39000,562,85
1520243187,2018-03-05T09:46:27Z,SIA32,"46.518467,167.994293",39000,563,82
1520243730,2018-03-05T09:55:30Z,SIA32,"47.005959,169.978897",39000,560,72
1520244332,2018-03-05T10:05:32Z,SIA32,"47.521572,172.178467",39000,548,77
1520244921,2018-03-05T10:15:21Z,SIA32,"47.975376,174.245026",39000,542,81
1520245488,2018-03-05T10:24:48Z,SIA32,"48.374649,176.264633",39000,528,81
1520246077,2018-03-05T10:34:37Z,SIA32,"48.733334,178.350006",39000,537,82
1520246516,2018-03-05T10:41:56Z,SIA32,"49,180",39000,548,77
1520246633,2018-03-05T10:43:53Z,SIA32,"49.066666,-179.516663",39000,543,77
1520247279,2018-03-05T10:54:39Z,SIA32,"49.349998,-177.366669",39000,546,251
1520247789,2018-03-05T11:03:09Z,SIA32,"49.599998,-175.183334",39000,551,70
1520248373,2018-03-05T11:12:53Z,SIA32,"49.808353,-172.924164",39000,547,89
1520249018,2018-03-05T11:23:38Z,SIA32,"49.976994,-170.647766",39000,537,266
1520249525,2018-03-05T11:32:05Z,SIA32,"50.061726,-168.507996",39000,540,81
1520250093,2018-03-05T11:41:33Z,SIA32,"50.109932,-166.186066",39000,539,94
1520250674,2018-03-05T11:51:14Z,SIA32,"50.109749,-163.903427",39000,538,99
1520251260,2018-03-05T12:01:00Z,SIA32,"50.074234,-161.655457",39000,531,94
1520252410,2018-03-05T12:20:10Z,SIA32,"49.826385,-157.327637",39000,516,102
1520252973,2018-03-05T12:29:33Z,SIA32,"49.633335,-155.199997",39000,515,102
1520253561,2018-03-05T12:39:21Z,SIA32,"49.400002,-153.100006",39000,510,108
1520254125,2018-03-05T12:48:45Z,SIA32,"49.150002,-151.050003",39000,506,102
1520254440,2018-03-05T12:54:00Z,SIA32,"49,-150",39000,497,101
1520254710,2018-03-05T12:58:30Z,SIA32,"48.798229,-149.100006",39000,495,109
1520255277,2018-03-05T13:07:57Z,SIA32,"48.313332,-147.245987",39000,486,120
1520255859,2018-03-05T13:17:39Z,SIA32,"47.790863,-145.435196",39000,491,127
1520256432,2018-03-05T13:27:12Z,SIA32,"47.25518,-143.675995",39000,489,121
1520257015,2018-03-05T13:36:55Z,SIA32,"46.687881,-141.954651",39000,479,126
1520257578,2018-03-05T13:46:18Z,SIA32,"46.1208,-140.325256",39000,483,121
1520257696,2018-03-05T13:48:16Z,SIA32,"46.001404,-139.991898",39000,507,116
1520258172,2018-03-05T13:56:12Z,SIA32,"45.546593,-138.688126",39000,503,176
1520258732,2018-03-05T14:05:32Z,SIA32,"44.986309,-137.090271",39000,481,105
1520259310,2018-03-05T14:15:10Z,SIA32,"44.372791,-135.47937",39000,504,125
1520259900,2018-03-05T14:25:00Z,SIA32,"43.73629,-133.905334",39000,503,154
1520260465,2018-03-05T14:34:25Z,SIA32,"43.0755,-132.33989",39000,514,123
1520261049,2018-03-05T14:44:09Z,SIA32,"42.357311,-130.762177",39000,495,131
1520261363,2018-03-05T14:49:23Z,SIA32,"41.957027,-129.902618",39000,522,121
1520261618,2018-03-05T14:53:38Z,SIA32,"41.634964,-129.190216",39000,527,120
1520261924,2018-03-05T14:58:44Z,SIA32,"41.220379,-128.262512",39000,538,121
1520261990,2018-03-05T14:59:50Z,SIA32,"41.137024,-128.082397",39000,543,121
1520262157,2018-03-05T15:02:37Z,SIA32,"40.914688,-127.607361",39000,544,121
1520262249,2018-03-05T15:04:09Z,SIA32,"40.807556,-127.387138",39000,544,126
1520262309,2018-03-05T15:05:09Z,SIA32,"40.732704,-127.238998",39000,544,123
1520262367,2018-03-05T15:06:07Z,SIA32,"40.655415,-127.070618",39000,544,118
1520262459,2018-03-05T15:07:39Z,SIA32,"40.505802,-126.749146",39000,543,121
1520262523,2018-03-05T15:08:43Z,SIA32,"40.421722,-126.573853",39000,544,122
1520262586,2018-03-05T15:09:46Z,SIA32,"40.336029,-126.39624",39000,545,122
1520262652,2018-03-05T15:10:52Z,SIA32,"40.246811,-126.212341",39000,543,122
1520262715,2018-03-05T15:11:55Z,SIA32,"40.16185,-126.03833",39000,543,122
1520262778,2018-03-05T15:12:58Z,SIA32,"40.077026,-125.86554",39000,538,122
1520262839,2018-03-05T15:13:59Z,SIA32,"39.996185,-125.701782",39000,536,122
1520262901,2018-03-05T15:15:01Z,SIA32,"39.911545,-125.531036",39000,537,122
1520262965,2018-03-05T15:16:05Z,SIA32,"39.820644,-125.365356",39000,534,127
1520263028,2018-03-05T15:17:08Z,SIA32,"39.729401,-125.207153",39000,532,126
1520263091,2018-03-05T15:18:11Z,SIA32,"39.634872,-125.041672",39000,533,126
1520263154,2018-03-05T15:19:14Z,SIA32,"39.541534,-124.879326",39000,535,126
1520263215,2018-03-05T15:20:15Z,SIA32,"39.45237,-124.724915",39000,536,126
1520263277,2018-03-05T15:21:17Z,SIA32,"39.358063,-124.562508",39000,541,126
1520263344,2018-03-05T15:22:24Z,SIA32,"39.25882,-124.392464",39000,542,126
1520263413,2018-03-05T15:23:33Z,SIA32,"39.153736,-124.213257",39000,543,127
1520263476,2018-03-05T15:24:36Z,SIA32,"39.05714,-124.049622",38475,551,127
1520263542,2018-03-05T15:25:42Z,SIA32,"38.95575,-123.878479",36350,544,127
1520263605,2018-03-05T15:26:45Z,SIA32,"38.86055,-123.718506",34100,534,127
1520263666,2018-03-05T15:27:46Z,SIA32,"38.771172,-123.569397",32000,516,127
1520263729,2018-03-05T15:28:49Z,SIA32,"38.680618,-123.418739",31000,498,127
1520263792,2018-03-05T15:29:52Z,SIA32,"38.590347,-123.269707",28375,501,127
1520263855,2018-03-05T15:30:55Z,SIA32,"38.506668,-123.131783",26600,463,127
1520263885,2018-03-05T15:31:25Z,SIA32,"38.463455,-123.068008",25250,459,138
1520263891,2018-03-05T15:31:31Z,SIA32,"38.4543,-123.058395",25000,458,142
1520263900,2018-03-05T15:31:40Z,SIA32,"38.437408,-123.043831",24500,454,149
1520263906,2018-03-05T15:31:46Z,SIA32,"38.426559,-123.036064",24200,453,151
1520263912,2018-03-05T15:31:52Z,SIA32,"38.415001,-123.028259",23925,453,151
1520263918,2018-03-05T15:31:58Z,SIA32,"38.404339,-123.021019",23675,452,151
1520263982,2018-03-05T15:33:02Z,SIA32,"38.289867,-122.940773",21425,439,151
1520264045,2018-03-05T15:34:05Z,SIA32,"38.179916,-122.865013",19475,418,151
1520264107,2018-03-05T15:35:07Z,SIA32,"38.074238,-122.792458",17325,403,151
1520264138,2018-03-05T15:35:38Z,SIA32,"38.025124,-122.758842",16475,392,151
1520264169,2018-03-05T15:36:09Z,SIA32,"37.977264,-122.726112",15400,389,151
1520264201,2018-03-05T15:36:41Z,SIA32,"37.924896,-122.690475",14250,387,151
1520264225,2018-03-05T15:37:05Z,SIA32,"37.88855,-122.662415",13625,386,141
1520264231,2018-03-05T15:37:11Z,SIA32,"37.879787,-122.653221",13450,383,139
1520264237,2018-03-05T15:37:17Z,SIA32,"37.87207,-122.644646",13325,378,138
1520264243,2018-03-05T15:37:23Z,SIA32,"37.86438,-122.636116",13175,370,138
1520264274,2018-03-05T15:37:54Z,SIA32,"37.826889,-122.595673",12400,337,139
1520264307,2018-03-05T15:38:27Z,SIA32,"37.788345,-122.555237",11650,315,140
1520264319,2018-03-05T15:38:39Z,SIA32,"37.774815,-122.541084",11425,313,140
1520264330,2018-03-05T15:38:50Z,SIA32,"37.761501,-122.527115",11150,310,140
1520264343,2018-03-05T15:39:03Z,SIA32,"37.748245,-122.5131",10900,308,139
1520264358,2018-03-05T15:39:18Z,SIA32,"37.731846,-122.495705",10650,304,139
1520264370,2018-03-05T15:39:30Z,SIA32,"37.718811,-122.481918",10625,302,139
1520264382,2018-03-05T15:39:42Z,SIA32,"37.706196,-122.468422",10600,300,139
1520264394,2018-03-05T15:39:54Z,SIA32,"37.693302,-122.454628",10350,300,139
1520264406,2018-03-05T15:40:06Z,SIA32,"37.680592,-122.441078",10100,299,139
1520264419,2018-03-05T15:40:19Z,SIA32,"37.667999,-122.427727",9800,298,139
1520264430,2018-03-05T15:40:30Z,SIA32,"37.655083,-122.413963",9500,298,139
1520264443,2018-03-05T15:40:43Z,SIA32,"37.642593,-122.400551",9275,295,139
1520264454,2018-03-05T15:40:54Z,SIA32,"37.630325,-122.38752",9100,290,139
1520264470,2018-03-05T15:41:10Z,SIA32,"37.614578,-122.370865",8825,287,139
1520264481,2018-03-05T15:41:21Z,SIA32,"37.601826,-122.358681",8700,281,147
1520264487,2018-03-05T15:41:27Z,SIA32,"37.595123,-122.353745",8650,277,151
1520264493,2018-03-05T15:41:33Z,SIA32,"37.588604,-122.349724",8600,274,155
1520264500,2018-03-05T15:41:40Z,SIA32,"37.581299,-122.345734",8550,271,157
1520264508,2018-03-05T15:41:48Z,SIA32,"37.57082,-122.340584",8500,265,159
1520264523,2018-03-05T15:42:03Z,SIA32,"37.553833,-122.332474",8400,256,158
1520264535,2018-03-05T15:42:15Z,SIA32,"37.540833,-122.325867",8275,251,157
1520264548,2018-03-05T15:42:28Z,SIA32,"37.528133,-122.31897",8100,249,156
1520264559,2018-03-05T15:42:39Z,SIA32,"37.515656,-122.311447",7875,248,150
1520264566,2018-03-05T15:42:46Z,SIA32,"37.509697,-122.306847",7750,249,147
1520264581,2018-03-05T15:43:01Z,SIA32,"37.494755,-122.295509",7500,247,151
1520264593,2018-03-05T15:43:13Z,SIA32,"37.483257,-122.286247",7325,245,139
1520264599,2018-03-05T15:43:19Z,SIA32,"37.478439,-122.279938",7200,244,128
1520264605,2018-03-05T15:43:25Z,SIA32,"37.47464,-122.272804",7100,242,120
1520264611,2018-03-05T15:43:31Z,SIA32,"37.471619,-122.265472",7025,241,115
1520264617,2018-03-05T15:43:37Z,SIA32,"37.468781,-122.257713",6900,241,114
1520264623,2018-03-05T15:43:43Z,SIA32,"37.46608,-122.25013",6800,240,113
1520264629,2018-03-05T15:43:49Z,SIA32,"37.463196,-122.242188",6700,240,114
1520264641,2018-03-05T15:44:01Z,SIA32,"37.457657,-122.22699",6525,238,115
1520264653,2018-03-05T15:44:13Z,SIA32,"37.451889,-122.211739",6350,236,115
1520264665,2018-03-05T15:44:25Z,SIA32,"37.446259,-122.196838",6125,235,115
1520264678,2018-03-05T15:44:38Z,SIA32,"37.440708,-122.182121",5950,233,115
1520264689,2018-03-05T15:44:49Z,SIA32,"37.435867,-122.166916",5700,230,104
1520264696,2018-03-05T15:44:56Z,SIA32,"37.434937,-122.159073",5550,230,92
1520264702,2018-03-05T15:45:02Z,SIA32,"37.435402,-122.151131",5400,227,79
1520264708,2018-03-05T15:45:08Z,SIA32,"37.437057,-122.144066",5225,226,67
1520264714,2018-03-05T15:45:14Z,SIA32,"37.440491,-122.136703",5075,226,53
1520264720,2018-03-05T15:45:20Z,SIA32,"37.44471,-122.131187",4925,224,40
1520264726,2018-03-05T15:45:26Z,SIA32,"37.449924,-122.126709",4775,224,30
1520264735,2018-03-05T15:45:35Z,SIA32,"37.458584,-122.121452",4525,225,23
1520264743,2018-03-05T15:45:43Z,SIA32,"37.46743,-122.117096",4275,225,18
1520264750,2018-03-05T15:45:50Z,SIA32,"37.473526,-122.11525",4125,226,8
1520264772,2018-03-05T15:46:12Z,SIA32,"37.495266,-122.122414",3625,227,327
1520264778,2018-03-05T15:46:18Z,SIA32,"37.500046,-122.126595",3525,228,323
1520264793,2018-03-05T15:46:33Z,SIA32,"37.513275,-122.139336",3250,225,322
1520264799,2018-03-05T15:46:39Z,SIA32,"37.517212,-122.143188",3175,224,321
1520264808,2018-03-05T15:46:48Z,SIA32,"37.524033,-122.151314",3000,224,315
1520264817,2018-03-05T15:46:57Z,SIA32,"37.529068,-122.159492",2900,223,305
1520264825,2018-03-05T15:47:05Z,SIA32,"37.534557,-122.170715",2800,219,299
1520264831,2018-03-05T15:47:11Z,SIA32,"37.537491,-122.177437",2750,217,298
1520264837,2018-03-05T15:47:17Z,SIA32,"37.540329,-122.184036",2700,214,298
1520264849,2018-03-05T15:47:29Z,SIA32,"37.545776,-122.196808",2625,204,298
1520264855,2018-03-05T15:47:35Z,SIA32,"37.548431,-122.203079",2575,197,298
1520264861,2018-03-05T15:47:41Z,SIA32,"37.550903,-122.208817",2500,189,298
1520264867,2018-03-05T15:47:47Z,SIA32,"37.553318,-122.214424",2450,181,298
1520264875,2018-03-05T15:47:55Z,SIA32,"37.556854,-122.222664",2350,172,298
1520264882,2018-03-05T15:48:02Z,SIA32,"37.558998,-122.227737",2275,168,298
1520264888,2018-03-05T15:48:08Z,SIA32,"37.560791,-122.231903",2175,168,298
1520264894,2018-03-05T15:48:14Z,SIA32,"37.563538,-122.238327",2100,164,298
1520264900,2018-03-05T15:48:20Z,SIA32,"37.565735,-122.24353",2000,162,298
1520264908,2018-03-05T15:48:28Z,SIA32,"37.568958,-122.251022",1800,165,298
1520264915,2018-03-05T15:48:35Z,SIA32,"37.571102,-122.256096",1625,165,298
1520264921,2018-03-05T15:48:41Z,SIA32,"37.573242,-122.261177",1500,162,297
1520264927,2018-03-05T15:48:47Z,SIA32,"37.575256,-122.266083",1375,159,297
1520264933,2018-03-05T15:48:53Z,SIA32,"37.577225,-122.270882",1250,156,297
1520264939,2018-03-05T15:48:59Z,SIA32,"37.57933,-122.275848",1175,150,297
1520264945,2018-03-05T15:49:05Z,SIA32,"37.581253,-122.280464",1100,145,297
1520264951,2018-03-05T15:49:11Z,SIA32,"37.583157,-122.284935",1000,142,298
1520264961,2018-03-05T15:49:21Z,SIA32,"37.585876,-122.291389",875,140,298
1520264967,2018-03-05T15:49:27Z,SIA32,"37.587662,-122.29554",800,140,298
1520264975,2018-03-05T15:49:35Z,SIA32,"37.590225,-122.301613",700,139,297
1520264981,2018-03-05T15:49:41Z,SIA32,"37.59219,-122.306374",625,139,297
1520264987,2018-03-05T15:49:47Z,SIA32,"37.594006,-122.310616",550,139,297
1520264996,2018-03-05T15:49:56Z,SIA32,"37.596752,-122.317238",425,138,297
1520265005,2018-03-05T15:50:05Z,SIA32,"37.599403,-122.323509",325,138,298
1520265012,2018-03-05T15:50:12Z,SIA32,"37.601315,-122.327988",225,138,298
1520265027,2018-03-05T15:50:27Z,SIA32,"37.605789,-122.338722",50,138,297
1520265033,2018-03-05T15:50:33Z,SIA32,"37.607574,-122.342987",0,138,298
1520265041,2018-03-05T15:50:41Z,SIA32,"37.61039,-122.349663",0,138,298
1520265047,2018-03-05T15:50:47Z,SIA32,"37.612106,-122.353745",0,137,297
1520265053,2018-03-05T15:50:53Z,SIA32,"37.613976,-122.3582",0,138,298
1520265059,2018-03-05T15:50:59Z,SIA32,"37.61565,-122.362137",0,138,298
1520265065,2018-03-05T15:51:05Z,SIA32,"37.617462,-122.366486",0,127,296
1520265071,2018-03-05T15:51:11Z,SIA32,"37.619003,-122.37014",0,110,297
1520265080,2018-03-05T15:51:20Z,SIA32,"37.620853,-122.374527",0,70,298
1520265086,2018-03-05T15:51:26Z,SIA32,"37.621571,-122.376274",0,49,295
1520265099,2018-03-05T15:51:39Z,SIA32,"37.622074,-122.378845",0,30,275
1520265105,2018-03-05T15:51:45Z,SIA32,"37.622166,-122.379822",0,27,275
1520265111,2018-03-05T15:51:51Z,SIA32,"37.62225,-122.380638",0,27,278
1520265123,2018-03-05T15:52:03Z,SIA32,"37.622269,-122.382568",0,24,267
1520265131,2018-03-05T15:52:11Z,SIA32,"37.622227,-122.383842",0,24,267
1520265137,2018-03-05T15:52:17Z,SIA32,"37.622189,-122.384598",0,23,267
1520265144,2018-03-05T15:52:24Z,SIA32,"37.622158,-122.385292",0,33,267
1520265155,2018-03-05T15:52:35Z,SIA32,"37.622158,-122.385841",0,13,270
1520265168,2018-03-05T15:52:48Z,SIA32,"37.622192,-122.386215",0,22,275
1520265174,2018-03-05T15:52:54Z,SIA32,"37.622292,-122.386528",0,29,286
1520265180,2018-03-05T15:53:00Z,SIA32,"37.622486,-122.386963",0,32,295
1520265186,2018-03-05T15:53:06Z,SIA32,"37.622635,-122.387314",0,34,298
1520265192,2018-03-05T15:53:12Z,SIA32,"37.622833,-122.387802",0,33,298
1520265201,2018-03-05T15:53:21Z,SIA32,"37.623135,-122.388519",0,34,298
1520265213,2018-03-05T15:53:33Z,SIA32,"37.623425,-122.389183",0,26,298
1520265234,2018-03-05T15:53:54Z,SIA32,"37.623241,-122.390526",0,29,253
1520265240,2018-03-05T15:54:00Z,SIA32,"37.623123,-122.391006",0,32,253
1520265246,2018-03-05T15:54:06Z,SIA32,"37.622982,-122.391487",0,33,247
1520265252,2018-03-05T15:54:12Z,SIA32,"37.622715,-122.391846",0,33,230
1520265261,2018-03-05T15:54:21Z,SIA32,"37.622269,-122.392136",0,31,208
1520265267,2018-03-05T15:54:27Z,SIA32,"37.622005,-122.392311",0,32,208
1520265281,2018-03-05T15:54:41Z,SIA32,"37.621155,-122.39286",0,15,208
1520265289,2018-03-05T15:54:49Z,SIA32,"37.620598,-122.39325",0,34,208
1520265305,2018-03-05T15:55:05Z,SIA32,"37.61998,-122.393845",0,20,227
1520265311,2018-03-05T15:55:11Z,SIA32,"37.619934,-122.394051",0,21,241
1520265320,2018-03-05T15:55:20Z,SIA32,"37.61982,-122.394577",0,23,250
1520265329,2018-03-05T15:55:29Z,SIA32,"37.619656,-122.395027",0,26,244
1520265337,2018-03-05T15:55:37Z,SIA32,"37.619225,-122.395355",0,30,210
1520265344,2018-03-05T15:55:44Z,SIA32,"37.618874,-122.395355",0,30,185
1520265353,2018-03-05T15:55:53Z,SIA32,"37.618431,-122.395157",0,29,165
1520265364,2018-03-05T15:56:04Z,SIA32,"37.617783,-122.394737",0,27,143
1520265371,2018-03-05T15:56:11Z,SIA32,"37.617702,-122.394485",0,25,126
1520265379,2018-03-05T15:56:19Z,SIA32,"37.617462,-122.393845",0,28,118
1520265385,2018-03-05T15:56:25Z,SIA32,"37.617325,-122.393524",0,27,118
1520265391,2018-03-05T15:56:31Z,SIA32,"37.617176,-122.393158",0,23,118
1520265401,2018-03-05T15:56:41Z,SIA32,"37.617153,-122.39283",0,18,101
1520265410,2018-03-05T15:56:50Z,SIA32,"37.617359,-122.392693",0,16,59
1520265419,2018-03-05T15:56:59Z,SIA32,"37.617607,-122.392609",0,14,33
1520265446,2018-03-05T15:57:26Z,SIA32,"37.617897,-122.392426",0,2,28
